,dataTransacao,valorTransacao,unidade_gestora_nome,orgaoVinculado.nome
8,2021-08-31,77.6,IFMA/CAMPUS BURITICUPU,"Instituto Federal de Educação, Ciência e Tecnologia do Maranhão"
19,2021-09-21,1400.0,IFMA/CAMPUS BURITICUPU,"Instituto Federal de Educação, Ciência e Tecnologia do Maranhão"
13,2021-09-28,99.75,IFMA/CAMPUS BURITICUPU,"Instituto Federal de Educação, Ciência e Tecnologia do Maranhão"
27,2021-10-06,152.8,IFMA/CAMPUS BURITICUPU,"Instituto Federal de Educação, Ciência e Tecnologia do Maranhão"
18,2021-11-09,41.4,IFMA/CAMPUS BURITICUPU,"Instituto Federal de Educação, Ciência e Tecnologia do Maranhão"
17,2021-11-09,68.4,IFMA/CAMPUS BURITICUPU,"Instituto Federal de Educação, Ciência e Tecnologia do Maranhão"
16,2021-11-16,1363.0,IFMA/CAMPUS BURITICUPU,"Instituto Federal de Educação, Ciência e Tecnologia do Maranhão"
15,2021-11-16,537.0,IFMA/CAMPUS BURITICUPU,"Instituto Federal de Educação, Ciência e Tecnologia do Maranhão"
14,2021-11-16,419.88,IFMA/CAMPUS BURITICUPU,"Instituto Federal de Educação, Ciência e Tecnologia do Maranhão"
12,2021-11-17,1700.0,IFMA/CAMPUS BURITICUPU,"Instituto Federal de Educação, Ciência e Tecnologia do Maranhão"
11,2021-11-17,144.98,IFMA/CAMPUS BURITICUPU,"Instituto Federal de Educação, Ciência e Tecnologia do Maranhão"
0,2022-04-02,745.0,IFMA/CAMPUS BURITICUPU,"Instituto Federal de Educação, Ciência e Tecnologia do Maranhão"
3,2022-04-05,57.63,IFMA/CAMPUS BURITICUPU,"Instituto Federal de Educação, Ciência e Tecnologia do Maranhão"
2,2022-04-05,145.75,IFMA/CAMPUS BURITICUPU,"Instituto Federal de Educação, Ciência e Tecnologia do Maranhão"
1,2022-04-06,420.0,IFMA/CAMPUS BURITICUPU,"Instituto Federal de Educação, Ciência e Tecnologia do Maranhão"
7,2022-04-08,325.0,IFMA/CAMPUS BURITICUPU,"Instituto Federal de Educação, Ciência e Tecnologia do Maranhão"
10,2022-04-13,1400.0,IFMA/CAMPUS BURITICUPU,"Instituto Federal de Educação, Ciência e Tecnologia do Maranhão"
20,2022-04-19,94.0,IFMA/CAMPUS BURITICUPU,"Instituto Federal de Educação, Ciência e Tecnologia do Maranhão"
21,2022-04-19,625.0,IFMA/CAMPUS BURITICUPU,"Instituto Federal de Educação, Ciência e Tecnologia do Maranhão"
22,2022-04-19,202.5,IFMA/CAMPUS BURITICUPU,"Instituto Federal de Educação, Ciência e Tecnologia do Maranhão"
5,2022-04-20,700.0,IFMA/CAMPUS BURITICUPU,"Instituto Federal de Educação, Ciência e Tecnologia do Maranhão"
24,2022-04-29,800.0,IFMA/CAMPUS BURITICUPU,"Instituto Federal de Educação, Ciência e Tecnologia do Maranhão"
25,2022-04-29,2188.0,IFMA/CAMPUS BURITICUPU,"Instituto Federal de Educação, Ciência e Tecnologia do Maranhão"
23,2022-04-29,600.0,IFMA/CAMPUS BURITICUPU,"Instituto Federal de Educação, Ciência e Tecnologia do Maranhão"
26,2022-05-02,600.0,IFMA/CAMPUS BURITICUPU,"Instituto Federal de Educação, Ciência e Tecnologia do Maranhão"
6,2022-05-05,470.0,IFMA/CAMPUS BURITICUPU,"Instituto Federal de Educação, Ciência e Tecnologia do Maranhão"
36,2022-07-20,178.0,IFMA/CAMPUS BURITICUPU,"Instituto Federal de Educação, Ciência e Tecnologia do Maranhão"
28,2023-02-23,250.0,IFMG/CAMPUS RIBEIRAO DAS NEVES,"Instituto Federal de Educação, Ciência e Tecnologia de Minas Gerais"
42,2023-03-02,837.09,IFMG/CAMPUS RIBEIRAO DAS NEVES,"Instituto Federal de Educação, Ciência e Tecnologia de Minas Gerais"
41,2023-03-02,1019.48,IFMG/CAMPUS RIBEIRAO DAS NEVES,"Instituto Federal de Educação, Ciência e Tecnologia de Minas Gerais"
38,2023-03-23,282.9,IFMG/CAMPUS RIBEIRAO DAS NEVES,"Instituto Federal de Educação, Ciência e Tecnologia de Minas Gerais"
31,2023-03-28,1000.0,IFMG/CAMPUS RIBEIRAO DAS NEVES,"Instituto Federal de Educação, Ciência e Tecnologia de Minas Gerais"
30,2023-03-28,120.0,IFMG/CAMPUS RIBEIRAO DAS NEVES,"Instituto Federal de Educação, Ciência e Tecnologia de Minas Gerais"
34,2023-03-29,534.95,IFMG/CAMPUS RIBEIRAO DAS NEVES,"Instituto Federal de Educação, Ciência e Tecnologia de Minas Gerais"
37,2023-03-31,314.3,IFMG/CAMPUS RIBEIRAO DAS NEVES,"Instituto Federal de Educação, Ciência e Tecnologia de Minas Gerais"
44,2023-04-03,290.0,IFMG/CAMPUS RIBEIRAO DAS NEVES,"Instituto Federal de Educação, Ciência e Tecnologia de Minas Gerais"
39,2023-04-10,1760.0,IFMG/CAMPUS RIBEIRAO DAS NEVES,"Instituto Federal de Educação, Ciência e Tecnologia de Minas Gerais"
29,2023-04-25,1080.0,IFMG/CAMPUS RIBEIRAO DAS NEVES,"Instituto Federal de Educação, Ciência e Tecnologia de Minas Gerais"
43,2023-04-28,1760.0,IFMG/CAMPUS RIBEIRAO DAS NEVES,"Instituto Federal de Educação, Ciência e Tecnologia de Minas Gerais"
33,2023-05-09,106.38,IFMG/CAMPUS RIBEIRAO DAS NEVES,"Instituto Federal de Educação, Ciência e Tecnologia de Minas Gerais"
40,2023-05-11,125.0,IFMG/CAMPUS RIBEIRAO DAS NEVES,"Instituto Federal de Educação, Ciência e Tecnologia de Minas Gerais"
35,2023-05-12,42.9,IFMG/CAMPUS RIBEIRAO DAS NEVES,"Instituto Federal de Educação, Ciência e Tecnologia de Minas Gerais"
68,2023-10-24,107.0,IFPB - CAMPUS CATOLE DO ROCHA,"Instituto Federal de Educação, Ciência e Tecnologia da Paraíba"
48,2023-10-30,180.0,IFPB - CAMPUS CATOLE DO ROCHA,"Instituto Federal de Educação, Ciência e Tecnologia da Paraíba"
54,2023-11-14,650.0,IFPB - CAMPUS CATOLE DO ROCHA,"Instituto Federal de Educação, Ciência e Tecnologia da Paraíba"
66,2023-11-28,1121.5,IFPB - CAMPUS CATOLE DO ROCHA,"Instituto Federal de Educação, Ciência e Tecnologia da Paraíba"
65,2023-11-28,190.0,IFPB - CAMPUS CATOLE DO ROCHA,"Instituto Federal de Educação, Ciência e Tecnologia da Paraíba"
64,2023-11-28,190.0,IFPB - CAMPUS CATOLE DO ROCHA,"Instituto Federal de Educação, Ciência e Tecnologia da Paraíba"
63,2023-11-28,190.0,IFPB - CAMPUS CATOLE DO ROCHA,"Instituto Federal de Educação, Ciência e Tecnologia da Paraíba"
72,2024-02-09,10.5,IFPB - CAMPUS CATOLE DO ROCHA,"Instituto Federal de Educação, Ciência e Tecnologia da Paraíba"
71,2024-02-27,130.0,IFPB - CAMPUS CATOLE DO ROCHA,"Instituto Federal de Educação, Ciência e Tecnologia da Paraíba"
69,2024-03-01,300.0,IFPB - CAMPUS CATOLE DO ROCHA,"Instituto Federal de Educação, Ciência e Tecnologia da Paraíba"
56,2024-03-04,130.0,IFPB - CAMPUS CATOLE DO ROCHA,"Instituto Federal de Educação, Ciência e Tecnologia da Paraíba"
57,2024-03-04,80.0,IFPB - CAMPUS CATOLE DO ROCHA,"Instituto Federal de Educação, Ciência e Tecnologia da Paraíba"
53,2024-03-14,222.0,IFPB - CAMPUS CATOLE DO ROCHA,"Instituto Federal de Educação, Ciência e Tecnologia da Paraíba"
52,2024-03-14,49.9,IFPB - CAMPUS CATOLE DO ROCHA,"Instituto Federal de Educação, Ciência e Tecnologia da Paraíba"
45,2024-05-15,457.0,IFPB - CAMPUS CATOLE DO ROCHA,"Instituto Federal de Educação, Ciência e Tecnologia da Paraíba"
47,2024-05-20,444.0,IFPB - CAMPUS CATOLE DO ROCHA,"Instituto Federal de Educação, Ciência e Tecnologia da Paraíba"
46,2024-05-20,591.0,IFPB - CAMPUS CATOLE DO ROCHA,"Instituto Federal de Educação, Ciência e Tecnologia da Paraíba"
70,2024-05-21,597.6,IFPB - CAMPUS CATOLE DO ROCHA,"Instituto Federal de Educação, Ciência e Tecnologia da Paraíba"
73,2024-06-18,116.0,IFPB - CAMPUS CATOLE DO ROCHA,"Instituto Federal de Educação, Ciência e Tecnologia da Paraíba"
129,2025-09-04,400.0,IFMA/CAMPUS BURITICUPU,"Instituto Federal de Educação, Ciência e Tecnologia do Maranhão"
130,2025-09-04,3400.0,IFMA/CAMPUS BURITICUPU,"Instituto Federal de Educação, Ciência e Tecnologia do Maranhão"
131,2025-09-04,2046.0,IFMA/CAMPUS BURITICUPU,"Instituto Federal de Educação, Ciência e Tecnologia do Maranhão"
123,2025-10-21,2800.0,IFMA/CAMPUS BURITICUPU,"Instituto Federal de Educação, Ciência e Tecnologia do Maranhão"
122,2025-10-21,373.6,IFMA/CAMPUS BURITICUPU,"Instituto Federal de Educação, Ciência e Tecnologia do Maranhão"
96,2025-11-11,1.62,"INST.FED.DE EDUC.,CIENC.E TEC.DE STA.CAT/IFSC","Instituto Federal de Educação, Ciência e Tecnologia de Santa Catarina"
121,2026-02-23,13.9,INSTITUTO FED DO AP CAMPUS AGRIC PORTO GRANDE,"Instituto Federal de Educação, Ciência e Tecnologia do Amapá"
98,2026-02-25,63.9,INSTITUTO FED DO AP CAMPUS AGRIC PORTO GRANDE,"Instituto Federal de Educação, Ciência e Tecnologia do Amapá"
92,2026-02-26,20.0,INSTITUTO FED DO AP CAMPUS AGRIC PORTO GRANDE,"Instituto Federal de Educação, Ciência e Tecnologia do Amapá"
93,2026-03-03,292.0,INSTITUTO FED DO AP CAMPUS AGRIC PORTO GRANDE,"Instituto Federal de Educação, Ciência e Tecnologia do Amapá"
137,2026-03-05,1194.4,INSTITUTO FED DO AP CAMPUS AGRIC PORTO GRANDE,"Instituto Federal de Educação, Ciência e Tecnologia do Amapá"
136,2026-03-05,2500.0,INSTITUTO FED DO AP CAMPUS AGRIC PORTO GRANDE,"Instituto Federal de Educação, Ciência e Tecnologia do Amapá"
114,2026-03-06,469.94,INSTITUTO FED DO AP CAMPUS AGRIC PORTO GRANDE,"Instituto Federal de Educação, Ciência e Tecnologia do Amapá"
115,2026-03-06,184.6,INSTITUTO FED DO AP CAMPUS AGRIC PORTO GRANDE,"Instituto Federal de Educação, Ciência e Tecnologia do Amapá"
113,2026-03-07,432.5,INSTITUTO FED DO AP CAMPUS AGRIC PORTO GRANDE,"Instituto Federal de Educação, Ciência e Tecnologia do Amapá"
110,2026-03-07,65.0,INSTITUTO FED DO AP CAMPUS AGRIC PORTO GRANDE,"Instituto Federal de Educação, Ciência e Tecnologia do Amapá"
111,2026-03-07,60.0,INSTITUTO FED DO AP CAMPUS AGRIC PORTO GRANDE,"Instituto Federal de Educação, Ciência e Tecnologia do Amapá"
112,2026-03-07,453.6,INSTITUTO FED DO AP CAMPUS AGRIC PORTO GRANDE,"Instituto Federal de Educação, Ciência e Tecnologia do Amapá"
108,2026-03-09,453.92,INSTITUTO FED DO AP CAMPUS AGRIC PORTO GRANDE,"Instituto Federal de Educação, Ciência e Tecnologia do Amapá"
109,2026-03-09,280.0,INSTITUTO FED DO AP CAMPUS AGRIC PORTO GRANDE,"Instituto Federal de Educação, Ciência e Tecnologia do Amapá"
90,2026-03-10,282.0,INSTITUTO FED DO AP CAMPUS AGRIC PORTO GRANDE,"Instituto Federal de Educação, Ciência e Tecnologia do Amapá"
89,2026-03-10,290.0,INSTITUTO FED DO AP CAMPUS AGRIC PORTO GRANDE,"Instituto Federal de Educação, Ciência e Tecnologia do Amapá"
85,2026-03-12,978.66,INSTITUTO FED DO AP CAMPUS AGRIC PORTO GRANDE,"Instituto Federal de Educação, Ciência e Tecnologia do Amapá"
86,2026-03-12,217.6,INSTITUTO FED DO AP CAMPUS AGRIC PORTO GRANDE,"Instituto Federal de Educação, Ciência e Tecnologia do Amapá"
87,2026-03-12,190.0,INSTITUTO FED DO AP CAMPUS AGRIC PORTO GRANDE,"Instituto Federal de Educação, Ciência e Tecnologia do Amapá"
99,2026-03-17,824.7,IFMA/CAMPUS BURITICUPU,"Instituto Federal de Educação, Ciência e Tecnologia do Maranhão"
134,2026-03-18,1770.0,INSTITUTO FED DO AP CAMPUS AGRIC PORTO GRANDE,"Instituto Federal de Educação, Ciência e Tecnologia do Amapá"
135,2026-03-18,404.91,INSTITUTO FED DO AP CAMPUS AGRIC PORTO GRANDE,"Instituto Federal de Educação, Ciência e Tecnologia do Amapá"
132,2026-04-02,480.67,INSTITUTO FED DO AP CAMPUS AGRIC PORTO GRANDE,"Instituto Federal de Educação, Ciência e Tecnologia do Amapá"
133,2026-04-02,68.97,INSTITUTO FED DO AP CAMPUS AGRIC PORTO GRANDE,"Instituto Federal de Educação, Ciência e Tecnologia do Amapá"
105,2026-04-04,98.59,INSTITUTO FED DO AP CAMPUS AGRIC PORTO GRANDE,"Instituto Federal de Educação, Ciência e Tecnologia do Amapá"
104,2026-04-04,130.53,INSTITUTO FED DO AP CAMPUS AGRIC PORTO GRANDE,"Instituto Federal de Educação, Ciência e Tecnologia do Amapá"
103,2026-04-04,177.7,INSTITUTO FED DO AP CAMPUS AGRIC PORTO GRANDE,"Instituto Federal de Educação, Ciência e Tecnologia do Amapá"
101,2026-04-04,79.8,INSTITUTO FED DO AP CAMPUS AGRIC PORTO GRANDE,"Instituto Federal de Educação, Ciência e Tecnologia do Amapá"
102,2026-04-04,236.55,INSTITUTO FED DO AP CAMPUS AGRIC PORTO GRANDE,"Instituto Federal de Educação, Ciência e Tecnologia do Amapá"
95,2026-04-06,492.73,INSTITUTO FED DO AP CAMPUS AGRIC PORTO GRANDE,"Instituto Federal de Educação, Ciência e Tecnologia do Amapá"
106,2026-04-07,55.0,IFMA/CAMPUS BURITICUPU,"Instituto Federal de Educação, Ciência e Tecnologia do Maranhão"
107,2026-04-07,1101.58,INSTITUTO FED DO AP CAMPUS AGRIC PORTO GRANDE,"Instituto Federal de Educação, Ciência e Tecnologia do Amapá"
100,2026-04-10,339.59,INSTITUTO FED DO AP CAMPUS AGRIC PORTO GRANDE,"Instituto Federal de Educação, Ciência e Tecnologia do Amapá"
128,2026-04-11,54.35,INSTITUTO FED DO AP CAMPUS AGRIC PORTO GRANDE,"Instituto Federal de Educação, Ciência e Tecnologia do Amapá"
88,2026-04-14,676.0,IFMA/CAMPUS BURITICUPU,"Instituto Federal de Educação, Ciência e Tecnologia do Maranhão"
127,2026-05-06,375.0,IFMA/CAMPUS BURITICUPU,"Instituto Federal de Educação, Ciência e Tecnologia do Maranhão"
